#{"t_start": 1782230520.8951876, "env_id": "BipedalWalker-v3"}
r,l,t
-102.041953,66,1.013524
-189.34016,1151,31.892193
-116.059821,93,34.539475
-107.068396,59,36.251498
