#{"t_start": 1782230520.8951876, "env_id": "BipedalWalker-v3"}
r,l,t
-102.041953,66,1.016916
-189.34016,1151,31.692
-116.059821,93,34.321777
-107.068396,59,36.017744
